{
  "0a7beb16e187d60a82125995ec81cb495f49ac06.png": {
    "title": "banana.png",
    "description": "1",
    "tags": []
  },
  "ebd154c6e05e37901a7d44686a2ef3cd4a8afaa4.png": {
    "title": "Kiwi.png",
    "description": "1",
    "tags": []
  },
  "3428d488adffc6dedeb307f97df010715dfb3545.png": {
    "title": "poire.png",
    "description": "1",
    "tags": []
  },
  "357f6ac7e59a846acf868adeb459b1f8288baccb.png": {
    "title": "Course-Cover.png",
    "description": "Vegetables and Fruits Cover",
    "tags": []
  },
  "9af6bf53e58b02f542bb229af6752df5898a02f0.jpg": {
    "title": "apples-basket.jpg",
    "description": "apples-basket",
    "tags": []
  },
  "1c51da17976b2450488e7dca9eb14899d363c12d.jpg": {
    "title": "french-fries.jpg",
    "description": "french-fries",
    "tags": []
  },
  "e422899ded8774a7d9a293d6e48eeec0a23d7fea.jpg": {
    "title": "strawberries.jpg",
    "description": "strawberries",
    "tags": []
  },
  "57cdd2f847ae38c406c8bebfd0e48b6a0d7c107f.jpg": {
    "title": "meal.jpg",
    "description": "meal",
    "tags": []
  },
  "94b8a17acc399fbdbd4efdd0222ee35c8b61ef6a.mp4": {
    "title": "healthy_food.mp4",
    "description": "healthy_food",
    "tags": []
  },
  "ab564a4b01b0ccf69d8fea8f932139f6031dda65.png": {
    "title": "healthy food-thumbnail.png",
    "description": "healthy food-thumbnail",
    "tags": []
  },
  "df67dbfe86dfe8e040840c4ad3a7d795bb756006.png": {
    "title": "Diet.png",
    "description": "Diet",
    "tags": []
  }
}